,ds,trend,yhat_lower,yhat_upper,trend_lower,trend_upper,additive_terms,additive_terms_lower,additive_terms_upper,daily,daily_lower,daily_upper,multiplicative_terms,multiplicative_terms_lower,multiplicative_terms_upper,yhat
0,2019-05-12 19:00:00,75.3682636801262,74.93985772926864,76.649712268066,75.3682636801262,75.3682636801262,0.42390304728622247,0.42390304728622247,0.42390304728622247,0.42390304728622247,0.42390304728622247,0.42390304728622247,0.0,0.0,0.0,75.79216672741242
1,2019-05-12 20:00:00,75.33811495658003,74.8953092329444,76.62276748310401,75.33811495658003,75.33811495658003,0.43725132079527235,0.43725132079527235,0.43725132079527235,0.43725132079527235,0.43725132079527235,0.43725132079527235,0.0,0.0,0.0,75.7753662773753
2,2019-05-12 21:00:00,75.30796623303384,74.89079142481539,76.54938135897493,75.30796623303384,75.30796623303384,0.44374566989017056,0.44374566989017056,0.44374566989017056,0.44374566989017056,0.44374566989017056,0.44374566989017056,0.0,0.0,0.0,75.75171190292401
3,2019-05-12 22:00:00,75.27781750948766,74.91530072980268,76.58155551991845,75.27781750948766,75.27781750948766,0.4765441157326467,0.4765441157326467,0.4765441157326467,0.4765441157326467,0.4765441157326467,0.4765441157326467,0.0,0.0,0.0,75.75436162522031
4,2019-05-12 23:00:00,75.24766878594147,74.86037040330658,76.58765129706073,75.24766878594147,75.24766878594147,0.4954969913200451,0.4954969913200451,0.4954969913200451,0.4954969913200451,0.4954969913200451,0.4954969913200451,0.0,0.0,0.0,75.74316577726151
5,2019-05-13 00:00:00,75.2175200623953,74.81167720939278,76.5023768963477,75.2175200623953,75.2175200623953,0.4362212072921018,0.4362212072921018,0.4362212072921018,0.4362212072921018,0.4362212072921018,0.4362212072921018,0.0,0.0,0.0,75.6537412696874
6,2019-05-13 01:00:00,75.18737133884912,74.6947179804534,76.34203107050658,75.18737133884912,75.18737133884912,0.288138380639366,0.288138380639366,0.288138380639366,0.288138380639366,0.288138380639366,0.288138380639366,0.0,0.0,0.0,75.47550971948849
7,2019-05-13 02:00:00,75.15722261530294,74.40153874690323,76.15795820759693,75.15722261530294,75.15722261530294,0.11773873706209553,0.11773873706209553,0.11773873706209553,0.11773873706209553,0.11773873706209553,0.11773873706209553,0.0,0.0,0.0,75.27496135236504
8,2019-05-13 03:00:00,75.12707389175677,74.22501706054581,75.92369467699821,75.12707389175677,75.12707389175677,0.009791952905017302,0.009791952905017302,0.009791952905017302,0.009791952905017302,0.009791952905017302,0.009791952905017302,0.0,0.0,0.0,75.13686584466178
9,2019-05-13 04:00:00,75.09692516821059,74.21647082912861,75.93690195898029,75.09692516821059,75.09692516821059,-0.015316485965440338,-0.015316485965440338,-0.015316485965440338,-0.015316485965440338,-0.015316485965440338,-0.015316485965440338,0.0,0.0,0.0,75.08160868224515
10,2019-05-13 05:00:00,75.0637568269078,74.18612620728408,75.94311608034548,75.0637568269078,75.0637568269078,-0.02288716757239235,-0.02288716757239235,-0.02288716757239235,-0.02288716757239235,-0.02288716757239235,-0.02288716757239235,0.0,0.0,0.0,75.04086965933541
11,2019-05-13 06:00:00,75.03058848560502,74.10334306528397,75.72976532752051,75.03058848560502,75.03058848560502,-0.09869799726994403,-0.09869799726994403,-0.09869799726994403,-0.09869799726994403,-0.09869799726994403,-0.09869799726994403,0.0,0.0,0.0,74.93189048833509
12,2019-05-13 07:00:00,74.99742014430224,73.83831210003027,75.61515747571602,74.99742014430224,74.99742014430224,-0.2597848806868002,-0.2597848806868002,-0.2597848806868002,-0.2597848806868002,-0.2597848806868002,-0.2597848806868002,0.0,0.0,0.0,74.73763526361545
13,2019-05-13 08:00:00,74.96425180299946,73.76177372655212,75.43474949795834,74.96425180299946,74.96425180299946,-0.4303710644656917,-0.4303710644656917,-0.4303710644656917,-0.4303710644656917,-0.4303710644656917,-0.4303710644656917,0.0,0.0,0.0,74.53388073853377
14,2019-05-13 09:00:00,74.93108346169669,73.59064205720713,75.32122107447049,74.93108346169669,74.93108346169669,-0.5094015535931312,-0.5094015535931312,-0.5094015535931312,-0.5094015535931312,-0.5094015535931312,-0.5094015535931312,0.0,0.0,0.0,74.42168190810355
15,2019-05-13 10:00:00,74.8979151203939,73.56756362865423,75.24276206208997,74.8979151203939,74.8979151203939,-0.46530073305879505,-0.46530073305879505,-0.46530073305879505,-0.46530073305879505,-0.46530073305879505,-0.46530073305879505,0.0,0.0,0.0,74.43261438733511
16,2019-05-13 11:00:00,74.86474677909113,73.58405794015519,75.28881596453243,74.86474677909113,74.86474677909113,-0.36506936157780934,-0.36506936157780934,-0.36506936157780934,-0.36506936157780934,-0.36506936157780934,-0.36506936157780934,0.0,0.0,0.0,74.49967741751333
17,2019-05-13 12:00:00,74.83157843778835,73.63565060980235,75.34630225308264,74.83157843778835,74.83157843778835,-0.30810263791895864,-0.30810263791895864,-0.30810263791895864,-0.30810263791895864,-0.30810263791895864,-0.30810263791895864,0.0,0.0,0.0,74.52347579986939
18,2019-05-13 13:00:00,74.79841009648557,73.64220363457761,75.30523676723523,74.79841009648557,74.79841009648557,-0.3285011042232772,-0.3285011042232772,-0.3285011042232772,-0.3285011042232772,-0.3285011042232772,-0.3285011042232772,0.0,0.0,0.0,74.46990899226229
19,2019-05-13 14:00:00,74.76524174968239,73.55781071612374,75.24056684648755,74.76524174968239,74.76524174968239,-0.3610652303985763,-0.3610652303985763,-0.3610652303985763,-0.3610652303985763,-0.3610652303985763,-0.3610652303985763,0.0,0.0,0.0,74.40417651928381
20,2019-05-13 15:00:00,74.73207340287921,73.57361558986103,75.29253902293043,74.73207340287921,74.73207340287921,-0.30433774925129226,-0.30433774925129226,-0.30433774925129226,-0.30433774925129226,-0.30433774925129226,-0.30433774925129226,0.0,0.0,0.0,74.42773565362792
21,2019-05-13 16:00:00,74.69890505607603,73.69705719024256,75.45473297893193,74.69890505607603,74.69890505607603,-0.1196823397277191,-0.1196823397277191,-0.1196823397277191,-0.1196823397277191,-0.1196823397277191,-0.1196823397277191,0.0,0.0,0.0,74.57922271634831
22,2019-05-13 17:00:00,74.66573670927284,73.93560444285448,75.68791634100337,74.66573670927284,74.66573670927284,0.12890577485083365,0.12890577485083365,0.12890577485083365,0.12890577485083365,0.12890577485083365,0.12890577485083365,0.0,0.0,0.0,74.79464248412367
23,2019-05-13 18:00:00,74.63256836246966,74.0925314000384,75.85206439367393,74.63256836246966,74.63256836246966,0.33078110794935994,0.33078110794935994,0.33078110794935994,0.33078110794935994,0.33078110794935994,0.33078110794935994,0.0,0.0,0.0,74.96334947041902
24,2019-05-13 19:00:00,74.59940001566646,74.20669198357062,75.90734137328646,74.59940001566646,74.59940001566646,0.42390304728637285,0.42390304728637285,0.42390304728637285,0.42390304728637285,0.42390304728637285,0.42390304728637285,0.0,0.0,0.0,75.02330306295283
25,2019-05-13 20:00:00,74.5662316688633,74.15396871176927,75.84804073777414,74.5662316688633,74.5662316688633,0.4372513207950048,0.4372513207950048,0.4372513207950048,0.4372513207950048,0.4372513207950048,0.4372513207950048,0.0,0.0,0.0,75.0034829896583
26,2019-05-13 21:00:00,74.5330633220601,74.12015240759396,75.80874817747673,74.5330633220601,74.5330633220601,0.44374566989150727,0.44374566989150727,0.44374566989150727,0.44374566989150727,0.44374566989150727,0.44374566989150727,0.0,0.0,0.0,74.97680899195161
27,2019-05-13 22:00:00,74.49989497525692,74.07589328695227,75.77486922998008,74.49989497525692,74.49989497525692,0.47654411573491623,0.47654411573491623,0.47654411573491623,0.47654411573491623,0.47654411573491623,0.47654411573491623,0.0,0.0,0.0,74.97643909099183
28,2019-05-13 23:00:00,74.46672663061057,74.0568249743302,75.75352918745142,74.46672663061057,74.46672663061057,0.4954969913194048,0.4954969913194048,0.4954969913194048,0.4954969913194048,0.4954969913194048,0.4954969913194048,0.0,0.0,0.0,74.96222362192997
29,2019-05-14 00:00:00,74.4335582859642,74.01351443150615,75.75607423049098,74.4335582859642,74.4335582859642,0.4362212072902294,0.4362212072902294,0.4362212072902294,0.4362212072902294,0.4362212072902294,0.4362212072902294,0.0,0.0,0.0,74.86977949325443
30,2019-05-14 01:00:00,74.40038994131783,73.91482264699195,75.56867594786814,74.40038994131783,74.40038994131783,0.28813838063682773,0.28813838063682773,0.28813838063682773,0.28813838063682773,0.28813838063682773,0.28813838063682773,0.0,0.0,0.0,74.68852832195465
31,2019-05-14 02:00:00,74.36722159667147,73.643540700435,75.33066816275408,74.36722159667147,74.36722159667147,0.11773873705797332,0.11773873705797332,0.11773873705797332,0.11773873705797332,0.11773873705797332,0.11773873705797332,0.0,0.0,0.0,74.48496033372945
32,2019-05-14 03:00:00,74.3340532520251,73.4930376611654,75.25311042114038,74.3340532520251,74.3340532520251,0.009791952902657212,0.009791952902657212,0.009791952902657212,0.009791952902657212,0.009791952902657212,0.009791952902657212,0.0,0.0,0.0,74.34384520492776
33,2019-05-14 04:00:00,74.30088490737874,73.434112808414,75.15568657812554,74.30088490737874,74.30088490737874,-0.015316485965692394,-0.015316485965692394,-0.015316485965692394,-0.015316485965692394,-0.015316485965692394,-0.015316485965692394,0.0,0.0,0.0,74.28556842141305
34,2019-05-14 05:00:00,74.26771656273237,73.4221604214322,75.10059679392494,74.26771656273237,74.26771656273237,-0.02288716757189776,-0.02288716757189776,-0.02288716757189776,-0.02288716757189776,-0.02288716757189776,-0.02288716757189776,0.0,0.0,0.0,74.24482939516048
35,2019-05-14 06:00:00,74.23454821808602,73.27941213682752,75.0048276056458,74.23454821808602,74.23454821808602,-0.09869799727253607,-0.09869799727253607,-0.09869799727253607,-0.09869799727253607,-0.09869799727253607,-0.09869799727253607,0.0,0.0,0.0,74.13585022081348
36,2019-05-14 07:00:00,74.20137987343965,73.07815128751041,74.75076862357707,74.20137987343965,74.20137987343965,-0.25978488069026934,-0.25978488069026934,-0.25978488069026934,-0.25978488069026934,-0.25978488069026934,-0.25978488069026934,0.0,0.0,0.0,73.94159499274937
37,2019-05-14 08:00:00,74.20934658652298,72.91926459116266,74.62923983571446,74.20934658652298,74.20934658652298,-0.43037106446804696,-0.43037106446804696,-0.43037106446804696,-0.43037106446804696,-0.43037106446804696,-0.43037106446804696,0.0,0.0,0.0,73.77897552205494
38,2019-05-14 09:00:00,74.2173132996063,72.87612615501983,74.55326324579178,74.2173132996063,74.2173132996063,-0.5094015535930239,-0.5094015535930239,-0.5094015535930239,-0.5094015535930239,-0.5094015535930239,-0.5094015535930239,0.0,0.0,0.0,73.70791174601328
39,2019-05-14 10:00:00,74.22528001268964,72.92042163087658,74.56904356556329,74.22528001268964,74.22528001268964,-0.46530073305898223,-0.46530073305898223,-0.46530073305898223,-0.46530073305898223,-0.46530073305898223,-0.46530073305898223,0.0,0.0,0.0,73.75997927963066
40,2019-05-14 11:00:00,74.23324672577297,73.06825081663193,74.77751122036378,74.23324672577297,74.23324672577297,-0.3650693615814323,-0.3650693615814323,-0.3650693615814323,-0.3650693615814323,-0.3650693615814323,-0.3650693615814323,0.0,0.0,0.0,73.86817736419154
41,2019-05-14 12:00:00,74.2412134388563,72.99852777972629,74.79691604837411,74.2412134388563,74.2412134388563,-0.30810263791895515,-0.30810263791895515,-0.30810263791895515,-0.30810263791895515,-0.30810263791895515,-0.30810263791895515,0.0,0.0,0.0,73.93311080093736
42,2019-05-14 13:00:00,74.24918015193963,73.05955229178262,74.71895808203088,74.24918015193964,74.24918015193964,-0.328501104224329,-0.328501104224329,-0.328501104224329,-0.328501104224329,-0.328501104224329,-0.328501104224329,0.0,0.0,0.0,73.9206790477153
43,2019-05-14 14:00:00,74.25714686502296,73.09814238647984,74.78149874126774,74.25714686502296,74.25714686502296,-0.36106523040068667,-0.36106523040068667,-0.36106523040068667,-0.36106523040068667,-0.36106523040068667,-0.36106523040068667,0.0,0.0,0.0,73.89608163462228
44,2019-05-14 15:00:00,74.26511357810628,73.07408348060754,74.83180474265495,74.26511357810628,74.26511357810628,-0.3043377492497179,-0.3043377492497179,-0.3043377492497179,-0.3043377492497179,-0.3043377492497179,-0.3043377492497179,0.0,0.0,0.0,73.96077582885657
45,2019-05-14 16:00:00,74.27308029118961,73.32390186305976,75.08097734611502,74.27308029118961,74.27308029118961,-0.11968233972395216,-0.11968233972395216,-0.11968233972395216,-0.11968233972395216,-0.11968233972395216,-0.11968233972395216,0.0,0.0,0.0,74.15339795146566
46,2019-05-14 17:00:00,74.28104700874816,73.5751067683711,75.29322084121797,74.28104700874816,74.28104700874816,0.12890577484133592,0.12890577484133592,0.12890577484133592,0.12890577484133592,0.12890577484133592,0.12890577484133592,0.0,0.0,0.0,74.4099527835895
47,2019-05-14 18:00:00,74.2890137263067,73.68175055181166,75.45438935578223,74.2890137263067,74.2890137263067,0.3307811079434815,0.3307811079434815,0.3307811079434815,0.3307811079434815,0.3307811079434815,0.3307811079434815,0.0,0.0,0.0,74.61979483425019
48,2019-05-14 19:00:00,74.29698044386525,73.85642786676155,75.55579745519506,74.29698044386525,74.29698044386525,0.423903047285717,0.423903047285717,0.423903047285717,0.423903047285717,0.423903047285717,0.423903047285717,0.0,0.0,0.0,74.72088349115097
49,2019-05-14 20:00:00,74.3049471614238,73.89061420870463,75.62197829321222,74.3049471614238,74.3049471614238,0.4372513207953861,0.4372513207953861,0.4372513207953861,0.4372513207953861,0.4372513207953861,0.4372513207953861,0.0,0.0,0.0,74.74219848221918
50,2019-05-14 21:00:00,74.31291387898233,73.91354071835003,75.59401080178517,74.31291387898233,74.31291387898233,0.44374566988936937,0.44374566988936937,0.44374566988936937,0.44374566988936937,0.44374566988936937,0.44374566988936937,0.0,0.0,0.0,74.7566595488717
51,2019-05-14 22:00:00,74.32088059654087,73.97445230960737,75.63294805413707,74.32088059654087,74.32088059654087,0.4765441157312451,0.4765441157312451,0.4765441157312451,0.4765441157312451,0.4765441157312451,0.4765441157312451,0.0,0.0,0.0,74.79742471227212
52,2019-05-14 23:00:00,74.32884731409942,73.9670740845539,75.67365498308419,74.32884731409942,74.32884731409942,0.49549699132055647,0.49549699132055647,0.49549699132055647,0.49549699132055647,0.49549699132055647,0.49549699132055647,0.0,0.0,0.0,74.82434430541997
53,2019-05-15 00:00:00,74.33681403165797,73.92305387169806,75.59455907024277,74.33681403165797,74.33681403165797,0.4362212072945012,0.4362212072945012,0.4362212072945012,0.4362212072945012,0.4362212072945012,0.4362212072945012,0.0,0.0,0.0,74.77303523895246
54,2019-05-15 01:00:00,74.34478074921653,73.77095014768346,75.49795883040251,74.34478074921653,74.34478074921653,0.2881383806436763,0.2881383806436763,0.2881383806436763,0.2881383806436763,0.2881383806436763,0.2881383806436763,0.0,0.0,0.0,74.6329191298602
55,2019-05-15 02:00:00,74.35274747619208,73.61191798088706,75.26164203856658,74.35274747619208,74.35274747619208,0.11773873705605957,0.11773873705605957,0.11773873705605957,0.11773873705605957,0.11773873705605957,0.11773873705605957,0.0,0.0,0.0,74.47048621324814
56,2019-05-15 03:00:00,74.36071420316763,73.5249743977464,75.18773847020258,74.36071420316763,74.36071420316763,0.009791952902089049,0.009791952902089049,0.009791952902089049,0.009791952902089049,0.009791952902089049,0.009791952902089049,0.0,0.0,0.0,74.37050615606972
57,2019-05-15 04:00:00,74.36868093014319,73.5079805313242,75.22892864904699,74.3686809301432,74.3686809301432,-0.01531648596534799,-0.01531648596534799,-0.01531648596534799,-0.01531648596534799,-0.01531648596534799,-0.01531648596534799,0.0,0.0,0.0,74.35336444417784
58,2019-05-15 05:00:00,74.37664765711874,73.43962442617132,75.18498604409267,74.37664765711874,74.37664765711874,-0.022887167572734728,-0.022887167572734728,-0.022887167572734728,-0.022887167572734728,-0.022887167572734728,-0.022887167572734728,0.0,0.0,0.0,74.353760489546
59,2019-05-15 06:00:00,74.3846143840943,73.4050296560308,75.04300453503505,74.3846143840943,74.3846143840943,-0.09869799727291947,-0.09869799727291947,-0.09869799727291947,-0.09869799727291947,-0.09869799727291947,-0.09869799727291947,0.0,0.0,0.0,74.28591638682138
60,2019-05-15 07:00:00,74.39258111106986,73.33686146045763,74.98299559823595,74.39258111106986,74.39258111106986,-0.25978488069194644,-0.25978488069194644,-0.25978488069194644,-0.25978488069194644,-0.25978488069194644,-0.25978488069194644,0.0,0.0,0.0,74.1327962303779
61,2019-05-15 08:00:00,74.40054783804541,73.13661301489228,74.88731211811954,74.40054783804541,74.40054783804541,-0.4303710644700766,-0.4303710644700766,-0.4303710644700766,-0.4303710644700766,-0.4303710644700766,-0.4303710644700766,0.0,0.0,0.0,73.97017677357533
62,2019-05-15 09:00:00,74.40851456502097,73.06193871597654,74.79406784238888,74.40851456502097,74.40851456502097,-0.5094015535942482,-0.5094015535942482,-0.5094015535942482,-0.5094015535942482,-0.5094015535942482,-0.5094015535942482,0.0,0.0,0.0,73.89911301142672
63,2019-05-15 10:00:00,74.41648129199652,73.1692943129953,74.83210139844014,74.41648129199652,74.41648129199652,-0.46530073305696074,-0.46530073305696074,-0.46530073305696074,-0.46530073305696074,-0.46530073305696074,-0.46530073305696074,0.0,0.0,0.0,73.95118055893955
64,2019-05-15 11:00:00,74.4983072521236,73.24193757007103,74.91752398166072,74.4983072521236,74.4983072521236,-0.36506936157946535,-0.36506936157946535,-0.36506936157946535,-0.36506936157946535,-0.36506936157946535,-0.36506936157946535,0.0,0.0,0.0,74.13323789054412
65,2019-05-15 12:00:00,74.58013321225064,73.4768743327756,75.1056044198557,74.58013321225064,74.58013321225064,-0.30810263791862613,-0.30810263791862613,-0.30810263791862613,-0.30810263791862613,-0.30810263791862613,-0.30810263791862613,0.0,0.0,0.0,74.27203057433202
66,2019-05-15 13:00:00,74.66195917237772,73.50824174357804,75.27480044040895,74.66195917237772,74.66195917237772,-0.3285011042253808,-0.3285011042253808,-0.3285011042253808,-0.3285011042253808,-0.3285011042253808,-0.3285011042253808,0.0,0.0,0.0,74.33345806815234
67,2019-05-15 14:00:00,74.74378513250478,73.49682484019299,75.21811968791577,74.74378513250478,74.74378513250478,-0.3610652303990713,-0.3610652303990713,-0.3610652303990713,-0.3610652303990713,-0.3610652303990713,-0.3610652303990713,0.0,0.0,0.0,74.3827199021057
68,2019-05-15 15:00:00,74.82561109263183,73.6775025063337,75.31723290043443,74.82561109263183,74.82561109263183,-0.3043377492463516,-0.3043377492463516,-0.3043377492463516,-0.3043377492463516,-0.3043377492463516,-0.3043377492463516,0.0,0.0,0.0,74.52127334338547
69,2019-05-15 16:00:00,74.90743705275891,73.9377399130371,75.68336144870334,74.90743705275891,74.90743705275891,-0.11968233971985966,-0.11968233971985966,-0.11968233971985966,-0.11968233971985966,-0.11968233971985966,-0.11968233971985966,0.0,0.0,0.0,74.78775471303905
70,2019-05-15 17:00:00,74.98926301288596,74.26648549141062,76.0232021343805,74.98926301288596,74.98926301288596,0.12890577484565052,0.12890577484565052,0.12890577484565052,0.12890577484565052,0.12890577484565052,0.12890577484565052,0.0,0.0,0.0,75.1181687877316
71,2019-05-15 18:00:00,75.07108897301303,74.57154184700589,76.24584912670338,75.07108897301303,75.07108897301303,0.33078110794649807,0.33078110794649807,0.33078110794649807,0.33078110794649807,0.33078110794649807,0.33078110794649807,0.0,0.0,0.0,75.40187008095953
72,2019-05-15 19:00:00,75.1529149331401,74.7319846142335,76.43862015161118,75.1529149331401,75.1529149331401,0.4239030472868533,0.4239030472868533,0.4239030472868533,0.4239030472868533,0.4239030472868533,0.4239030472868533,0.0,0.0,0.0,75.57681798042695
73,2019-05-15 20:00:00,75.23474088670632,74.80280987562433,76.51181026314427,75.23474088670632,75.23474088670632,0.43725132079511836,0.43725132079511836,0.43725132079511836,0.43725132079511836,0.43725132079511836,0.43725132079511836,0.0,0.0,0.0,75.67199220750143
74,2019-05-15 21:00:00,75.31656684027253,74.88890483219187,76.63515206992263,75.31656684027253,75.31656684027253,0.4437456698907059,0.4437456698907059,0.4437456698907059,0.4437456698907059,0.4437456698907059,0.4437456698907059,0.0,0.0,0.0,75.76031251016323
75,2019-05-15 22:00:00,75.39839279383875,75.07265978423727,76.69265938291562,75.39839279383875,75.39839279383875,0.4765441157335147,0.4765441157335147,0.4765441157335147,0.4765441157335147,0.4765441157335147,0.4765441157335147,0.0,0.0,0.0,75.87493690957227
76,2019-05-15 23:00:00,75.48021874740499,75.10578367421955,76.80212766880327,75.48021874740499,75.48021874740499,0.4954969913192232,0.4954969913192232,0.4954969913192232,0.4954969913192232,0.4954969913192232,0.4954969913192232,0.0,0.0,0.0,75.97571573872422
77,2019-05-16 00:00:00,75.5620447009712,75.21170376784802,76.8291288198363,75.5620447009712,75.5620447009712,0.43622120729262887,0.43622120729262887,0.43622120729262887,0.43622120729262887,0.43622120729262887,0.43622120729262887,0.0,0.0,0.0,75.99826590826383
78,2019-05-16 01:00:00,75.64387065453742,75.14919557495263,76.78471299101524,75.64387065453742,75.64387065453742,0.288138380641138,0.288138380641138,0.288138380641138,0.288138380641138,0.288138380641138,0.288138380641138,0.0,0.0,0.0,75.93200903517857
79,2019-05-16 02:00:00,75.72569660810366,75.01735340840705,76.73781036018764,75.72569660810366,75.72569660810366,0.11773873706415007,0.11773873706415007,0.11773873706415007,0.11773873706415007,0.11773873706415007,0.11773873706415007,0.0,0.0,0.0,75.8434353451678
80,2019-05-16 03:00:00,75.80752256166987,74.90648978613953,76.66437492916887,75.80752256166987,75.80752256166987,0.009791952904512811,0.009791952904512811,0.009791952904512811,0.009791952904512811,0.009791952904512811,0.009791952904512811,0.0,0.0,0.0,75.81731451457438
81,2019-05-16 04:00:00,75.8893485152361,74.96281855943641,76.77190540775378,75.8893485152361,75.8893485152361,-0.01531648596560005,-0.01531648596560005,-0.01531648596560005,-0.01531648596560005,-0.01531648596560005,-0.01531648596560005,0.0,0.0,0.0,75.8740320292705
82,2019-05-16 05:00:00,75.91831334223514,75.0444921264327,76.74563699004219,75.91831334223514,75.91831334223514,-0.022887167571532314,-0.022887167571532314,-0.022887167571532314,-0.022887167571532314,-0.022887167571532314,-0.022887167571532314,0.0,0.0,0.0,75.89542617466361
83,2019-05-16 06:00:00,75.94727816923418,75.0123706027047,76.68650986818031,75.94727816923418,75.94727816923418,-0.09869799727026232,-0.09869799727026232,-0.09869799727026232,-0.09869799727026232,-0.09869799727026232,-0.09869799727026232,0.0,0.0,0.0,75.84858017196392
84,2019-05-16 07:00:00,75.97624299623322,74.90641987365436,76.59481887866355,75.97624299623322,75.97624299623322,-0.25978488068653216,-0.25978488068653216,-0.25978488068653216,-0.25978488068653216,-0.25978488068653216,-0.25978488068653216,0.0,0.0,0.0,75.71645811554669
85,2019-05-16 08:00:00,76.00520782323227,74.73849066601186,76.45451330490928,76.00520782323227,76.00520782323227,-0.43037106447243184,-0.43037106447243184,-0.43037106447243184,-0.43037106447243184,-0.43037106447243184,-0.43037106447243184,0.0,0.0,0.0,75.57483675875984
86,2019-05-16 09:00:00,76.03417265023131,74.69515804013463,76.43755896260458,76.03417265023131,76.03417265023131,-0.5094015535923785,-0.5094015535923785,-0.5094015535923785,-0.5094015535923785,-0.5094015535923785,-0.5094015535923785,0.0,0.0,0.0,75.52477109663893
87,2019-05-16 10:00:00,76.06313747723036,74.80282482246284,76.49250103114785,76.06313747723036,76.06313747723036,-0.4653007330604656,-0.4653007330604656,-0.4653007330604656,-0.4653007330604656,-0.4653007330604656,-0.4653007330604656,0.0,0.0,0.0,75.5978367441699
88,2019-05-16 11:00:00,76.0921023042294,74.88745768368904,76.56159646771604,76.0921023042294,76.0921023042294,-0.36506936157929043,-0.36506936157929043,-0.36506936157929043,-0.36506936157929043,-0.36506936157929043,-0.36506936157929043,0.0,0.0,0.0,75.72703294265011
89,2019-05-16 12:00:00,76.12106713122844,74.91538327739246,76.68252510667124,76.12106713122844,76.12106713122844,-0.30810263791862275,-0.30810263791862275,-0.30810263791862275,-0.30810263791862275,-0.30810263791862275,-0.30810263791862275,0.0,0.0,0.0,75.81296449330982
90,2019-05-16 13:00:00,76.15003195822747,75.02453825471343,76.64293078791623,76.15003195822747,76.15003195822747,-0.32850110422366585,-0.32850110422366585,-0.32850110422366585,-0.32850110422366585,-0.32850110422366585,-0.32850110422366585,0.0,0.0,0.0,75.82153085400381
91,2019-05-16 14:00:00,76.16247003903788,74.94032802176021,76.59978984079616,76.16247003903788,76.16247003903788,-0.36106523039966465,-0.36106523039966465,-0.36106523039966465,-0.36106523039966465,-0.36106523039966465,-0.36106523039966465,0.0,0.0,0.0,75.80140480863822
92,2019-05-16 15:00:00,76.17490811984828,75.00385801503631,76.7323479359707,76.17490811984828,76.17490811984828,-0.30433774924477724,-0.30433774924477724,-0.30433774924477724,-0.30433774924477724,-0.30433774924477724,-0.30433774924477724,0.0,0.0,0.0,75.8705703706035
93,2019-05-16 16:00:00,76.18734620065868,75.25452988291917,76.87364958450955,76.18734620065868,76.18734620065868,-0.11968233972936468,-0.11968233972936468,-0.11968233972936468,-0.11968233972936468,-0.11968233972936468,-0.11968233972936468,0.0,0.0,0.0,76.06766386092931
94,2019-05-16 17:00:00,76.19978428146909,75.44148158706581,77.1992252636074,76.19978428146909,76.19978428146909,0.12890577484863364,0.12890577484863364,0.12890577484863364,0.12890577484863364,0.12890577484863364,0.12890577484863364,0.0,0.0,0.0,76.32869005631773
95,2019-05-16 18:00:00,76.21222236227949,75.68019148624344,77.35314229325004,76.21222236227949,76.21222236227949,0.33078110794730603,0.33078110794730603,0.33078110794730603,0.33078110794730603,0.33078110794730603,0.33078110794730603,0.0,0.0,0.0,76.5430034702268
96,2019-05-16 19:00:00,76.22466044308989,75.79371692423045,77.47615861089902,76.22466044308989,76.22466044308989,0.42390304728619743,0.42390304728619743,0.42390304728619743,0.42390304728619743,0.42390304728619743,0.42390304728619743,0.0,0.0,0.0,76.64856349037609
97,2019-05-16 20:00:00,76.2370985239003,75.84795834661548,77.52492376491101,76.2370985239003,76.2370985239003,0.43725132079517653,0.43725132079517653,0.43725132079517653,0.43725132079517653,0.43725132079517653,0.43725132079517653,0.0,0.0,0.0,76.67434984469547
98,2019-05-16 21:00:00,76.2495366047107,75.84887592332404,77.55751377728926,76.2495366047107,76.2495366047107,0.4437456698907112,0.4437456698907112,0.4437456698907112,0.4437456698907112,0.4437456698907112,0.4437456698907112,0.0,0.0,0.0,76.69328227460142
99,2019-05-16 22:00:00,76.2619746855211,75.9221248328239,77.5804620161013,76.2619746855211,76.2619746855211,0.47654411573357575,0.47654411573357575,0.47654411573357575,0.47654411573357575,0.47654411573357575,0.47654411573357575,0.0,0.0,0.0,76.73851880125467
100,2019-05-16 23:00:00,76.2744127675677,75.9633685028908,77.66622507639703,76.2744127675677,76.2744127675677,0.49549699132037484,0.49549699132037484,0.49549699132037484,0.49549699132037484,0.49549699132037484,0.49549699132037484,0.0,0.0,0.0,76.76990975888808
101,2019-05-17 00:00:00,76.28685084961428,75.88574056269007,77.51404734701526,76.28685084961428,76.28685084961428,0.43622120729108227,0.43622120729108227,0.43622120729108227,0.43622120729108227,0.43622120729108227,0.43622120729108227,0.0,0.0,0.0,76.72307205690537
102,2019-05-17 01:00:00,76.29928893166087,75.7229294897369,77.40440095278207,76.29928893166087,76.29928893166087,0.2881383806372682,0.2881383806372682,0.2881383806372682,0.2881383806372682,0.2881383806372682,0.2881383806372682,0.0,0.0,0.0,76.58742731229813
103,2019-05-17 02:00:00,76.31172701370745,75.5669542359635,77.298661592384,76.31172701370745,76.31172701370745,0.1177387370600277,0.1177387370600277,0.1177387370600277,0.1177387370600277,0.1177387370600277,0.1177387370600277,0.0,0.0,0.0,76.42946575076748
104,2019-05-17 03:00:00,76.32416509575405,75.49605533301398,77.18762160554508,76.32416509575405,76.32416509575405,0.009791952903944717,0.009791952903944717,0.009791952903944717,0.009791952903944717,0.009791952903944717,0.009791952903944717,0.0,0.0,0.0,76.333957048658
105,2019-05-17 04:00:00,76.33660317780064,75.52553140610449,77.1835352897463,76.33660317780064,76.33660317780064,-0.015316485965526554,-0.015316485965526554,-0.015316485965526554,-0.015316485965526554,-0.015316485965526554,-0.015316485965526554,0.0,0.0,0.0,76.32128669183511
106,2019-05-17 05:00:00,76.34904125984723,75.48007606222905,77.13629912627928,76.34904125984723,76.34904125984723,-0.022887167572369284,-0.022887167572369284,-0.022887167572369284,-0.022887167572369284,-0.022887167572369284,-0.022887167572369284,0.0,0.0,0.0,76.32615409227486
107,2019-05-17 06:00:00,76.36147934189381,75.42677565887787,77.05472305117674,76.36147934189381,76.36147934189381,-0.09869799727285439,-0.09869799727285439,-0.09869799727285439,-0.09869799727285439,-0.09869799727285439,-0.09869799727285439,0.0,0.0,0.0,76.26278134462096
108,2019-05-17 07:00:00,76.37391742394041,75.26358565340264,76.90421935776142,76.37391742394041,76.37391742394041,-0.2597848806882092,-0.2597848806882092,-0.2597848806882092,-0.2597848806882092,-0.2597848806882092,-0.2597848806882092,0.0,0.0,0.0,76.1141325432522
109,2019-05-17 08:00:00,76.38635551681304,75.13947379514158,76.78368136702773,76.38635551681304,76.38635551681304,-0.430371064467008,-0.430371064467008,-0.430371064467008,-0.430371064467008,-0.430371064467008,-0.430371064467008,0.0,0.0,0.0,75.95598445234603
110,2019-05-17 09:00:00,76.39879360968565,75.0286956051765,76.74690676904848,76.39879360968565,76.39879360968565,-0.5094015535936027,-0.5094015535936027,-0.5094015535936027,-0.5094015535936027,-0.5094015535936027,-0.5094015535936027,0.0,0.0,0.0,75.88939205609205
111,2019-05-17 10:00:00,76.41123170255828,75.12664915855528,76.78561090220302,76.41123170255828,76.41123170255828,-0.4653007330584441,-0.4653007330584441,-0.4653007330584441,-0.4653007330584441,-0.4653007330584441,-0.4653007330584441,0.0,0.0,0.0,75.94593096949984
112,2019-05-17 11:00:00,76.42366979543091,75.16547595998261,76.86647580080654,76.42366979543091,76.42366979543091,-0.36506936158112147,-0.36506936158112147,-0.36506936158112147,-0.36506936158112147,-0.36506936158112147,-0.36506936158112147,0.0,0.0,0.0,76.05860043384979
113,2019-05-17 12:00:00,76.43610788830354,75.26877652096294,76.91541657793374,76.43610788830354,76.43610788830354,-0.30810263791888776,-0.30810263791888776,-0.30810263791888776,-0.30810263791888776,-0.30810263791888776,-0.30810263791888776,0.0,0.0,0.0,76.12800525038465
114,2019-05-17 13:00:00,76.44854598117617,75.25398779732494,76.96132798034084,76.44854598117617,76.44854598117617,-0.3285011042247178,-0.3285011042247178,-0.3285011042247178,-0.3285011042247178,-0.3285011042247178,-0.3285011042247178,0.0,0.0,0.0,76.12004487695145
115,2019-05-17 14:00:00,76.4609840740488,75.24772350495016,76.94766144841546,76.4609840740488,76.4609840740488,-0.36106523039956645,-0.36106523039956645,-0.36106523039956645,-0.36106523039956645,-0.36106523039956645,-0.36106523039956645,0.0,0.0,0.0,76.09991884364923
116,2019-05-17 15:00:00,76.47342216692141,75.39317963042873,77.044371547236,76.47342216692141,76.47342216692141,-0.3043377492496012,-0.3043377492496012,-0.3043377492496012,-0.3043377492496012,-0.3043377492496012,-0.3043377492496012,0.0,0.0,0.0,76.16908441767181
117,2019-05-17 16:00:00,76.48586025979404,75.4966086632398,77.23500245503574,76.48586025979404,76.48586025979404,-0.1196823397252722,-0.1196823397252722,-0.1196823397252722,-0.1196823397252722,-0.1196823397252722,-0.1196823397252722,0.0,0.0,0.0,76.36617792006876
118,2019-05-17 17:00:00,76.49829835549143,75.78692291094691,77.57934917907275,76.49829835549144,76.49829835549144,0.12890577485294827,0.12890577485294827,0.12890577485294827,0.12890577485294827,0.12890577485294827,0.12890577485294827,0.0,0.0,0.0,76.62720413034438
119,2019-05-17 18:00:00,76.51073645118882,76.03326502996454,77.70174824593856,76.51073645118882,76.51073645118882,0.3307811079436362,0.3307811079436362,0.3307811079436362,0.3307811079436362,0.3307811079436362,0.3307811079436362,0.0,0.0,0.0,76.84151755913246
120,2019-05-17 19:00:00,76.52317454688621,76.0913681686252,77.78872744043386,76.52317454688621,76.52317454688621,0.4239030472863478,0.4239030472863478,0.4239030472863478,0.4239030472863478,0.4239030472863478,0.4239030472863478,0.0,0.0,0.0,76.94707759417255
121,2019-05-17 20:00:00,76.53561264258359,76.1816270581914,77.85241891319355,76.53561264258359,76.53561264258359,0.43725132079490897,0.43725132079490897,0.43725132079490897,0.43725132079490897,0.43725132079490897,0.43725132079490897,0.0,0.0,0.0,76.9728639633785
122,2019-05-17 21:00:00,76.54805073828098,76.18728834927047,77.87788049900995,76.54805073828098,76.54805073828098,0.44374566988990477,0.44374566988990477,0.44374566988990477,0.44374566988990477,0.44374566988990477,0.44374566988990477,0.0,0.0,0.0,76.99179640817088
123,2019-05-17 22:00:00,76.56048883397837,76.24882317478686,77.97005356055305,76.56048883397837,76.56048883397837,0.47654411573211314,0.47654411573211314,0.47654411573211314,0.47654411573211314,0.47654411573211314,0.47654411573211314,0.0,0.0,0.0,77.03703294971048
124,2019-05-17 23:00:00,76.57292692967575,76.21243695659356,77.94783210630607,76.57292692967575,76.57292692967575,0.4954969913197347,0.4954969913197347,0.4954969913197347,0.4954969913197347,0.4954969913197347,0.4954969913197347,0.0,0.0,0.0,77.06842392099549
125,2019-05-18 00:00:00,76.58536502537314,76.16267970301354,77.88507939064783,76.58536502537314,76.58536502537314,0.43622120728921,0.43622120728921,0.43622120728921,0.43622120728921,0.43622120728921,0.43622120728921,0.0,0.0,0.0,77.02158623266234
126,2019-05-18 01:00:00,76.59780312107053,76.08393432964083,77.79068861513768,76.59780312107053,76.59780312107053,0.2881383806454484,0.2881383806454484,0.2881383806454484,0.2881383806454484,0.2881383806454484,0.2881383806454484,0.0,0.0,0.0,76.88594150171598
127,2019-05-18 02:00:00,76.61024121598074,75.8321862413982,77.5613661880438,76.61024121598075,76.61024121598075,0.11773873705811397,0.11773873705811397,0.11773873705811397,0.11773873705811397,0.11773873705811397,0.11773873705811397,0.0,0.0,0.0,76.72797995303885
128,2019-05-18 03:00:00,76.62267931089093,75.8096422260521,77.52970039656456,76.62267931089093,76.62267931089093,0.009791952901584576,0.009791952901584576,0.009791952901584576,0.009791952901584576,0.009791952901584576,0.009791952901584576,0.0,0.0,0.0,76.63247126379251
129,2019-05-18 04:00:00,76.63511740580114,75.78953848295971,77.53780327991554,76.63511740580114,76.63511740580114,-0.015316485965778625,-0.015316485965778625,-0.015316485965778625,-0.015316485965778625,-0.015316485965778625,-0.015316485965778625,0.0,0.0,0.0,76.61980091983536
130,2019-05-18 05:00:00,76.64755550071135,75.83454290194692,77.52364636900006,76.64755550071135,76.64755550071135,-0.022887167571874725,-0.022887167571874725,-0.022887167571874725,-0.022887167571874725,-0.022887167571874725,-0.022887167571874725,0.0,0.0,0.0,76.62466833313947
131,2019-05-18 06:00:00,76.65999359562154,75.6552472636789,77.44523240402171,76.65999359562154,76.65999359562154,-0.09869799727323776,-0.09869799727323776,-0.09869799727323776,-0.09869799727323776,-0.09869799727323776,-0.09869799727323776,0.0,0.0,0.0,76.56129559834831
132,2019-05-18 07:00:00,76.67243169053175,75.56858588505035,77.29224313513907,76.67243169053175,76.67243169053175,-0.2597848806916783,-0.2597848806916783,-0.2597848806916783,-0.2597848806916783,-0.2597848806916783,-0.2597848806916783,0.0,0.0,0.0,76.41264680984007
133,2019-05-18 08:00:00,76.68486978544196,75.50653738104904,77.09886964098534,76.68486978544196,76.68486978544196,-0.43037106446936313,-0.43037106446936313,-0.43037106446936313,-0.43037106446936313,-0.43037106446936313,-0.43037106446936313,0.0,0.0,0.0,76.25449872097259
134,2019-05-18 09:00:00,76.69730788035217,75.34195322738982,77.01588130117433,76.69730788035217,76.69730788035217,-0.5094015535934955,-0.5094015535934955,-0.5094015535934955,-0.5094015535934955,-0.5094015535934955,-0.5094015535934955,0.0,0.0,0.0,76.18790632675868
135,2019-05-18 10:00:00,76.70974597526236,75.37829561924646,77.14479691482003,76.70974597526236,76.70974597526236,-0.46530073305642256,-0.46530073305642256,-0.46530073305642256,-0.46530073305642256,-0.46530073305642256,-0.46530073305642256,0.0,0.0,0.0,76.24444524220594
136,2019-05-18 11:00:00,76.70530978151294,75.48349253457056,77.17144723257698,76.70530978151294,76.70530978151294,-0.3650693615809466,-0.3650693615809466,-0.3650693615809466,-0.3650693615809466,-0.3650693615809466,-0.3650693615809466,0.0,0.0,0.0,76.34024041993199
137,2019-05-18 12:00:00,76.70087358776352,75.47850955299832,77.21955872332497,76.70087358776352,76.70087358776352,-0.30810263791888437,-0.30810263791888437,-0.30810263791888437,-0.30810263791888437,-0.30810263791888437,-0.30810263791888437,0.0,0.0,0.0,76.39277094984465
138,2019-05-18 13:00:00,76.6964373940141,75.50194464000103,77.15956250630039,76.6964373940141,76.6964373940141,-0.32850110422443807,-0.32850110422443807,-0.32850110422443807,-0.32850110422443807,-0.32850110422443807,-0.32850110422443807,0.0,0.0,0.0,76.36793628978965
139,2019-05-18 14:00:00,76.69200120026467,75.48474791743065,77.24714281423654,76.69200120026467,76.69200120026467,-0.36106523040015975,-0.36106523040015975,-0.36106523040015975,-0.36106523040015975,-0.36106523040015975,-0.36106523040015975,0.0,0.0,0.0,76.33093596986451
140,2019-05-18 15:00:00,76.68756500651526,75.5675106434753,77.26088739301944,76.68756500651526,76.68756500651526,-0.3043377492480268,-0.3043377492480268,-0.3043377492480268,-0.3043377492480268,-0.3043377492480268,-0.3043377492480268,0.0,0.0,0.0,76.38322725726724
141,2019-05-18 16:00:00,76.68312881276583,75.67574544433108,77.38558136801551,76.68312881276583,76.68312881276583,-0.11968233972150528,-0.11968233972150528,-0.11968233972150528,-0.11968233972150528,-0.11968233972150528,-0.11968233972150528,0.0,0.0,0.0,76.56344647304432
142,2019-05-18 17:00:00,76.67869261901642,75.9150088474069,77.67802028280003,76.67869261901642,76.67869261901642,0.12890577484345056,0.12890577484345056,0.12890577484345056,0.12890577484345056,0.12890577484345056,0.12890577484345056,0.0,0.0,0.0,76.80759839385986
143,2019-05-18 18:00:00,76.67425642526699,76.13216682500911,77.91532099487146,76.67425642526699,76.67425642526699,0.33078110794444415,0.33078110794444415,0.33078110794444415,0.33078110794444415,0.33078110794444415,0.33078110794444415,0.0,0.0,0.0,77.00503753321144
144,2019-05-18 19:00:00,76.66982023151758,76.25220236654025,77.98557677772186,76.66982023151758,76.66982023151758,0.4239030472856921,0.4239030472856921,0.4239030472856921,0.4239030472856921,0.4239030472856921,0.4239030472856921,0.0,0.0,0.0,77.09372327880327
145,2019-05-18 20:00:00,76.66538406233106,76.235800318477,77.94711048112835,76.66538406233106,76.66538406233106,0.43725132079529044,0.43725132079529044,0.43725132079529044,0.43725132079529044,0.43725132079529044,0.43725132079529044,0.0,0.0,0.0,77.10263538312634
146,2019-05-18 21:00:00,76.66094789314452,76.21760385227186,77.96880594809845,76.66094789314452,76.66094789314452,0.44374566988991004,0.44374566988991004,0.44374566988991004,0.44374566988991004,0.44374566988991004,0.44374566988991004,0.0,0.0,0.0,77.10469356303443
147,2019-05-18 22:00:00,76.656511723958,76.26637625434113,77.98600417859355,76.656511723958,76.656511723958,0.4765441157321742,0.4765441157321742,0.4765441157321742,0.4765441157321742,0.4765441157321742,0.4765441157321742,0.0,0.0,0.0,77.13305583969017
148,2019-05-18 23:00:00,76.65207555477149,76.23806649177597,77.96339960269631,76.65207555477149,76.65207555477149,0.49549699131840125,0.49549699131840125,0.49549699131840125,0.49549699131840125,0.49549699131840125,0.49549699131840125,0.0,0.0,0.0,77.14757254608989
149,2019-05-19 00:00:00,76.64763938558497,76.25171391201887,77.97500951313864,76.64763938558497,76.64763938558497,0.43622120729348174,0.43622120729348174,0.43622120729348174,0.43622120729348174,0.43622120729348174,0.43622120729348174,0.0,0.0,0.0,77.08386059287845
150,2019-05-19 01:00:00,76.64320321639845,76.06184417456414,77.82678083798568,76.64320321639845,76.64320321639845,0.2881383806415786,0.2881383806415786,0.2881383806415786,0.2881383806415786,0.2881383806415786,0.2881383806415786,0.0,0.0,0.0,76.93134159704003
151,2019-05-19 02:00:00,76.63876704721191,75.90952183044324,77.63728152949186,76.63876704721191,76.63876704721191,0.11773873706399587,0.11773873706399587,0.11773873706399587,0.11773873706399587,0.11773873706399587,0.11773873706399587,0.0,0.0,0.0,76.75650578427592
152,2019-05-19 03:00:00,76.6343308780254,75.79123322795587,77.55924928539203,76.6343308780254,76.6343308780254,0.009791952905800282,0.009791952905800282,0.009791952905800282,0.009791952905800282,0.009791952905800282,0.009791952905800282,0.0,0.0,0.0,76.6441228309312
153,2019-05-19 04:00:00,76.62989470883888,75.74385337710105,77.55918907775383,76.62989470883888,76.62989470883888,-0.015316485965434251,-0.015316485965434251,-0.015316485965434251,-0.015316485965434251,-0.015316485965434251,-0.015316485965434251,0.0,0.0,0.0,76.61457822287345
154,2019-05-19 05:00:00,76.63058039975854,75.79732779926785,77.42744047405822,76.63058039975854,76.63058039975854,-0.022887167572711697,-0.022887167572711697,-0.022887167572711697,-0.022887167572711697,-0.022887167572711697,-0.022887167572711697,0.0,0.0,0.0,76.60769323218584
155,2019-05-19 06:00:00,76.6312660906782,75.71226417743198,77.42140875948303,76.6312660906782,76.6312660906782,-0.09869799727058064,-0.09869799727058064,-0.09869799727058064,-0.09869799727058064,-0.09869799727058064,-0.09869799727058064,0.0,0.0,0.0,76.53256809340762
156,2019-05-19 07:00:00,76.63195178159785,75.50848755869589,77.22850269713442,76.63195178159785,76.63195178159785,-0.2597848806862641,-0.2597848806862641,-0.2597848806862641,-0.2597848806862641,-0.2597848806862641,-0.2597848806862641,0.0,0.0,0.0,76.37216690091158
157,2019-05-19 08:00:00,76.63263747251752,75.3061983151138,77.0518675380418,76.63263747251752,76.63263747251752,-0.43037106447139284,-0.43037106447139284,-0.43037106447139284,-0.43037106447139284,-0.43037106447139284,-0.43037106447139284,0.0,0.0,0.0,76.20226640804613
158,2019-05-19 09:00:00,76.63332316343717,75.33656127324585,77.00312317531129,76.63332316343717,76.63332316343717,-0.5094015535947196,-0.5094015535947196,-0.5094015535947196,-0.5094015535947196,-0.5094015535947196,-0.5094015535947196,0.0,0.0,0.0,76.12392160984245
159,2019-05-19 10:00:00,76.63400885435684,75.25741239425379,77.01846107366002,76.63400885435684,76.63400885435684,-0.4653007330599276,-0.4653007330599276,-0.4653007330599276,-0.4653007330599276,-0.4653007330599276,-0.4653007330599276,0.0,0.0,0.0,76.1687081212969
160,2019-05-19 11:00:00,76.63469454527649,75.39781924511516,77.05953509690538,76.63469454527649,76.63469454527649,-0.3650693615789797,-0.3650693615789797,-0.3650693615789797,-0.3650693615789797,-0.3650693615789797,-0.3650693615789797,0.0,0.0,0.0,76.26962518369751
161,2019-05-19 12:00:00,76.63538023619614,75.5049805355615,77.12233216196681,76.63538023619614,76.63538023619614,-0.30810263791855536,-0.30810263791855536,-0.30810263791855536,-0.30810263791855536,-0.30810263791855536,-0.30810263791855536,0.0,0.0,0.0,76.32727759827759
162,2019-05-19 13:00:00,76.63606592711581,75.48632606980112,77.17187132381447,76.63606592711581,76.63606592711581,-0.3285011042254898,-0.3285011042254898,-0.3285011042254898,-0.3285011042254898,-0.3285011042254898,-0.3285011042254898,0.0,0.0,0.0,76.30756482289031
163,2019-05-19 14:00:00,76.63675676403821,75.44226576507049,77.18072459455843,76.63675676403821,76.63675676403821,-0.36106523039854455,-0.36106523039854455,-0.36106523039854455,-0.36106523039854455,-0.36106523039854455,-0.36106523039854455,0.0,0.0,0.0,76.27569153363967
164,2019-05-19 15:00:00,76.63744760096061,75.49938631209601,77.22521496564488,76.63744760096061,76.63744760096061,-0.30433774924466045,-0.30433774924466045,-0.30433774924466045,-0.30433774924466045,-0.30433774924466045,-0.30433774924466045,0.0,0.0,0.0,76.33310985171595
165,2019-05-19 16:00:00,76.63813843788303,75.64270792061117,77.34736957946413,76.63813843788301,76.63813843788301,-0.11968233971741275,-0.11968233971741275,-0.11968233971741275,-0.11968233971741275,-0.11968233971741275,-0.11968233971741275,0.0,0.0,0.0,76.51845609816561
166,2019-05-19 17:00:00,76.63882927480543,75.91568577346031,77.62015786167584,76.63882927480543,76.63882927480543,0.12890577484776514,0.12890577484776514,0.12890577484776514,0.12890577484776514,0.12890577484776514,0.12890577484776514,0.0,0.0,0.0,76.7677350496532
167,2019-05-19 18:00:00,76.63952011172783,76.13643934538074,77.78924844916178,76.63952011172783,76.63952011172783,0.33078110794746074,0.33078110794746074,0.33078110794746074,0.33078110794746074,0.33078110794746074,0.33078110794746074,0.0,0.0,0.0,76.97030121967529
168,2019-05-19 19:00:00,76.64021094865024,76.27465969768728,77.9266420170085,76.64021094865024,76.64021094865024,0.42390304728682837,0.42390304728682837,0.42390304728682837,0.42390304728682837,0.42390304728682837,0.42390304728682837,0.0,0.0,0.0,77.06411399593706
169,2019-05-19 20:00:00,76.64090178557265,76.25366547062731,77.95377889097549,76.64090178557265,76.64090178557265,0.4372513207953484,0.4372513207953484,0.4372513207953484,0.4372513207953484,0.4372513207953484,0.4372513207953484,0.0,0.0,0.0,77.078153106368
170,2019-05-19 21:00:00,76.64159262249504,76.22815055469196,77.96001913081822,76.64159262249504,76.64159262249504,0.44374566989124664,0.44374566989124664,0.44374566989124664,0.44374566989124664,0.44374566989124664,0.44374566989124664,0.0,0.0,0.0,77.08533829238628
171,2019-05-19 22:00:00,76.64228345941746,76.29088436651315,77.97233462536128,76.64228345941746,76.64228345941746,0.4765441157344438,0.4765441157344438,0.4765441157344438,0.4765441157344438,0.4765441157344438,0.4765441157344438,0.0,0.0,0.0,77.1188275751519
172,2019-05-19 23:00:00,76.64297431662342,76.21691799048534,77.98412927637636,76.64297431662342,76.64297431662342,0.49549699131955305,0.49549699131955305,0.49549699131955305,0.49549699131955305,0.49549699131955305,0.49549699131955305,0.0,0.0,0.0,77.13847130794298
173,2019-05-20 00:00:00,76.6436651738294,76.2133314022707,77.90457886151385,76.6436651738294,76.6436651738294,0.4362212072916095,0.4362212072916095,0.4362212072916095,0.4362212072916095,0.4362212072916095,0.4362212072916095,0.0,0.0,0.0,77.07988638112101
174,2019-05-20 01:00:00,76.64435603103539,76.13427773298001,77.83382180778713,76.64435603103539,76.64435603103539,0.2881383806390403,0.2881383806390403,0.2881383806390403,0.2881383806390403,0.2881383806390403,0.2881383806390403,0.0,0.0,0.0,76.93249441167443
175,2019-05-20 02:00:00,76.64504688824137,75.90590213708168,77.61463147628643,76.64504688824137,76.64504688824137,0.11773873706208217,0.11773873706208217,0.11773873706208217,0.11773873706208217,0.11773873706208217,0.11773873706208217,0.0,0.0,0.0,76.76278562530345
176,2019-05-20 03:00:00,76.64573774544733,75.82897949012101,77.46221280169999,76.64573774544733,76.64573774544733,0.00979195290523222,0.00979195290523222,0.00979195290523222,0.00979195290523222,0.00979195290523222,0.00979195290523222,0.0,0.0,0.0,76.65552969835257
177,2019-05-20 04:00:00,76.64642860265332,75.777591035927,77.4893163264624,76.64642860265332,76.64642860265332,-0.015316485965686301,-0.015316485965686301,-0.015316485965686301,-0.015316485965686301,-0.015316485965686301,-0.015316485965686301,0.0,0.0,0.0,76.63111211668763
178,2019-05-20 05:00:00,76.64711945985928,75.73644073335956,77.4630333886447,76.64711945985928,76.64711945985928,-0.02288716757150934,-0.02288716757150934,-0.02288716757150934,-0.02288716757150934,-0.02288716757150934,-0.02288716757150934,0.0,0.0,0.0,76.62423229228777
179,2019-05-20 06:00:00,76.64781031706526,75.69681495384482,77.3807235428528,76.64781031706526,76.64781031706526,-0.09869799727096408,-0.09869799727096408,-0.09869799727096408,-0.09869799727096408,-0.09869799727096408,-0.09869799727096408,0.0,0.0,0.0,76.5491123197943
180,2019-05-20 07:00:00,76.64850117427125,75.59641738640806,77.21128646760287,76.64850117427125,76.64850117427125,-0.2597848806879411,-0.2597848806879411,-0.2597848806879411,-0.2597848806879411,-0.2597848806879411,-0.2597848806879411,0.0,0.0,0.0,76.3887162935833
181,2019-05-20 08:00:00,76.64919203130012,75.32108837559733,77.05099617842325,76.64919203130012,76.64919203130012,-0.43037106446629453,-0.43037106446629453,-0.43037106446629453,-0.43037106446629453,-0.43037106446629453,-0.43037106446629453,0.0,0.0,0.0,76.21882096683382
182,2019-05-20 09:00:00,76.64988288832899,75.31030949140609,76.97862932764795,76.64988288832899,76.64988288832899,-0.5094015535928501,-0.5094015535928501,-0.5094015535928501,-0.5094015535928501,-0.5094015535928501,-0.5094015535928501,0.0,0.0,0.0,76.14048133473614
183,2019-05-20 10:00:00,76.65057374535785,75.34338994519776,76.99164122101286,76.65057374535785,76.65057374535785,-0.465300733057906,-0.465300733057906,-0.465300733057906,-0.465300733057906,-0.465300733057906,-0.465300733057906,0.0,0.0,0.0,76.18527301229994
184,2019-05-20 11:00:00,76.65126460238672,75.44700238140267,77.12416839464065,76.65126460238672,76.65126460238672,-0.36506936158260267,-0.36506936158260267,-0.36506936158260267,-0.36506936158260267,-0.36506936158260267,-0.36506936158260267,0.0,0.0,0.0,76.28619524080412
185,2019-05-20 12:00:00,76.65195545941559,75.50113271525616,77.25629336054905,76.65195545941559,76.65195545941559,-0.30810263791914605,-0.30810263791914605,-0.30810263791914605,-0.30810263791914605,-0.30810263791914605,-0.30810263791914605,0.0,0.0,0.0,76.34385282149644
186,2019-05-20 13:00:00,76.65264631644446,75.48746235154043,77.12555872920214,76.65264631644446,76.65264631644446,-0.32850110422377493,-0.32850110422377493,-0.32850110422377493,-0.32850110422377493,-0.32850110422377493,-0.32850110422377493,0.0,0.0,0.0,76.32414521222069
187,2019-05-20 14:00:00,76.65333717347333,75.4406176321562,77.17928201497566,76.65333717347333,76.65333717347333,-0.3610652303991379,-0.3610652303991379,-0.3610652303991379,-0.3610652303991379,-0.3610652303991379,-0.3610652303991379,0.0,0.0,0.0,76.2922719430742
188,2019-05-20 15:00:00,76.65402803050219,75.48691245257005,77.2089098090164,76.65402803050219,76.65402803050219,-0.30433774925127643,-0.30433774925127643,-0.30433774925127643,-0.30433774925127643,-0.30433774925127643,-0.30433774925127643,0.0,0.0,0.0,76.34969028125091
189,2019-05-20 16:00:00,76.65471888753106,75.65478218359112,77.33567699774292,76.65471888753106,76.65471888753106,-0.11968233972691782,-0.11968233972691782,-0.11968233972691782,-0.11968233972691782,-0.11968233972691782,-0.11968233972691782,0.0,0.0,0.0,76.53503654780414
190,2019-05-20 17:00:00,76.63240968757303,75.9172579838288,77.60180821590997,76.63240968757303,76.63240968757303,0.12890577485074825,0.12890577485074825,0.12890577485074825,0.12890577485074825,0.12890577485074825,0.12890577485074825,0.0,0.0,0.0,76.76131546242378
191,2019-05-20 18:00:00,76.61010048761499,76.10119750612546,77.79077884257919,76.61010048761499,76.61010048761499,0.33078110794826876,0.33078110794826876,0.33078110794826876,0.33078110794826876,0.33078110794826876,0.33078110794826876,0.0,0.0,0.0,76.94088159556325
192,2019-05-20 19:00:00,76.58779128765696,76.1671118190686,77.86587637523577,76.58779128765696,76.58779128765696,0.42390304728518674,0.42390304728518674,0.42390304728518674,0.42390304728518674,0.42390304728518674,0.42390304728518674,0.0,0.0,0.0,77.01169433494215
193,2019-05-20 20:00:00,76.56548208769892,76.15349511314824,77.92800838562088,76.56548208769892,76.56548208769892,0.4372513207950808,0.4372513207950808,0.4372513207950808,0.4372513207950808,0.4372513207950808,0.4372513207950808,0.0,0.0,0.0,77.00273340849401
194,2019-05-20 21:00:00,76.54317288774088,76.13492578920116,77.77939474859461,76.54317288774088,76.54317288774088,0.4437456698912519,0.4437456698912519,0.4437456698912519,0.4437456698912519,0.4437456698912519,0.4437456698912519,0.0,0.0,0.0,76.98691855763214
195,2019-05-20 22:00:00,76.52086368778284,76.10320353871626,77.81989405494014,76.52086368778284,76.52086368778284,0.4765441157307725,0.4765441157307725,0.4765441157307725,0.4765441157307725,0.4765441157307725,0.4765441157307725,0.0,0.0,0.0,76.99740780351361
196,2019-05-20 23:00:00,76.4985544878248,76.13088833097868,77.8133753433594,76.4985544878248,76.4985544878248,0.4954969913189128,0.4954969913189128,0.4954969913189128,0.4954969913189128,0.4954969913189128,0.4954969913189128,0.0,0.0,0.0,76.99405147914372
197,2019-05-21 00:00:00,76.47624528786676,76.08947180109128,77.7932768098404,76.47624528786676,76.47624528786676,0.43622120728973734,0.43622120728973734,0.43622120728973734,0.43622120728973734,0.43622120728973734,0.43622120728973734,0.0,0.0,0.0,76.9124664951565
198,2019-05-21 01:00:00,76.45393608790873,75.90908668638431,77.6204900971168,76.45393608790873,76.45393608790873,0.2881383806351705,0.2881383806351705,0.2881383806351705,0.2881383806351705,0.2881383806351705,0.2881383806351705,0.0,0.0,0.0,76.7420744685439
199,2019-05-21 02:00:00,76.43162688491354,75.72024452028492,77.45402304567739,76.43162688491354,76.43162688491354,0.11773873705795984,0.11773873705795984,0.11773873705795984,0.11773873705795984,0.11773873705795984,0.11773873705795984,0.0,0.0,0.0,76.5493656219715
200,2019-05-21 03:00:00,76.40931768191834,75.5629078786941,77.25112121361063,76.40931768191834,76.40931768191834,0.009791952902872096,0.009791952902872096,0.009791952902872096,0.009791952902872096,0.009791952902872096,0.009791952902872096,0.0,0.0,0.0,76.41910963482121
201,2019-05-21 04:00:00,76.38700847892315,75.50190858771427,77.27344088684438,76.38700847892315,76.38700847892315,-0.0153164859656128,-0.0153164859656128,-0.0153164859656128,-0.0153164859656128,-0.0153164859656128,-0.0153164859656128,0.0,0.0,0.0,76.37169199295754
202,2019-05-21 05:00:00,76.36469927592795,75.55397738208468,77.18402410908911,76.36469927592795,76.36469927592795,-0.022887167572346257,-0.022887167572346257,-0.022887167572346257,-0.022887167572346257,-0.022887167572346257,-0.022887167572346257,0.0,0.0,0.0,76.3418121083556
203,2019-05-21 06:00:00,76.34239007293276,75.4013724419626,77.16939891617648,76.34239007293276,76.34239007293276,-0.09869799727355612,-0.09869799727355612,-0.09869799727355612,-0.09869799727355612,-0.09869799727355612,-0.09869799727355612,0.0,0.0,0.0,76.2436920756592
204,2019-05-21 07:00:00,76.32008086993756,75.15559087423672,76.91811393995572,76.32008086993756,76.32008086993756,-0.2597848806914103,-0.2597848806914103,-0.2597848806914103,-0.2597848806914103,-0.2597848806914103,-0.2597848806914103,0.0,0.0,0.0,76.06029598924614
205,2019-05-21 08:00:00,76.29777166694237,75.05081632478631,76.70567709003456,76.29777166694237,76.29777166694237,-0.4303710644683242,-0.4303710644683242,-0.4303710644683242,-0.4303710644683242,-0.4303710644683242,-0.4303710644683242,0.0,0.0,0.0,75.86740060247405
206,2019-05-21 09:00:00,76.27546246394716,74.93763759194705,76.55472469293733,76.27546246394716,76.27546246394716,-0.5094015535940744,-0.5094015535940744,-0.5094015535940744,-0.5094015535940744,-0.5094015535940744,-0.5094015535940744,0.0,0.0,0.0,75.76606091035309
207,2019-05-21 10:00:00,76.25315326095196,74.92183884653934,76.62654785621362,76.25315326095196,76.25315326095196,-0.4653007330580931,-0.4653007330580931,-0.4653007330580931,-0.4653007330580931,-0.4653007330580931,-0.4653007330580931,0.0,0.0,0.0,75.78785252789388
208,2019-05-21 11:00:00,76.23084405579695,74.99905618140689,76.73307404345373,76.23084405579695,76.23084405579695,-0.36506936158063585,-0.36506936158063585,-0.36506936158063585,-0.36506936158063585,-0.36506936158063585,-0.36506936158063585,0.0,0.0,0.0,75.86577469421631
209,2019-05-21 12:00:00,76.20853485064194,75.01940552947923,76.79570316837479,76.20853485064194,76.20853485064194,-0.308102637918817,-0.308102637918817,-0.308102637918817,-0.308102637918817,-0.308102637918817,-0.308102637918817,0.0,0.0,0.0,75.90043221272312
210,2019-05-21 13:00:00,76.18622564548693,74.98712427669581,76.66530154739249,76.18622564548693,76.18622564548693,-0.32850110422482676,-0.32850110422482676,-0.32850110422482676,-0.32850110422482676,-0.32850110422482676,-0.32850110422482676,0.0,0.0,0.0,75.8577245412621
211,2019-05-21 14:00:00,76.1639164403319,75.00082462417927,76.61482215764684,76.1639164403319,76.1639164403319,-0.36106523039903965,-0.36106523039903965,-0.36106523039903965,-0.36106523039903965,-0.36106523039903965,-0.36106523039903965,0.0,0.0,0.0,75.80285120993287
212,2019-05-21 15:00:00,76.14160723517689,75.03845187166343,76.72269478926444,76.14160723517689,76.14160723517689,-0.3043377492479101,-0.3043377492479101,-0.3043377492479101,-0.3043377492479101,-0.3043377492479101,-0.3043377492479101,0.0,0.0,0.0,75.83726948592899
213,2019-05-21 16:00:00,76.11929803002188,75.1321208269548,76.86739608595646,76.11929803002188,76.11929803002188,-0.11968233972282528,-0.11968233972282528,-0.11968233972282528,-0.11968233972282528,-0.11968233972282528,-0.11968233972282528,0.0,0.0,0.0,75.99961569029905
214,2019-05-21 17:00:00,76.09698882486686,75.36326900934291,77.04536952451696,76.09698882486686,76.09698882486686,0.12890577484258206,0.12890577484258206,0.12890577484258206,0.12890577484258206,0.12890577484258206,0.12890577484258206,0.0,0.0,0.0,76.22589459970943
215,2019-05-21 18:00:00,76.07467961971184,75.60967685646818,77.2464644047454,76.07467961971184,76.07467961971184,0.3307811079445989,0.3307811079445989,0.3307811079445989,0.3307811079445989,0.3307811079445989,0.3307811079445989,0.0,0.0,0.0,76.40546072765645
216,2019-05-21 19:00:00,76.05237041455683,75.68664311787022,77.27014419248253,76.05237041455683,76.05237041455683,0.4239030472863229,0.4239030472863229,0.4239030472863229,0.4239030472863229,0.4239030472863229,0.4239030472863229,0.0,0.0,0.0,76.47627346184315
217,2019-05-21 20:00:00,76.06934559174763,75.66307499066436,77.32057162419703,76.06934559174763,76.06934559174763,0.43725132079546214,0.43725132079546214,0.43725132079546214,0.43725132079546214,0.43725132079546214,0.43725132079546214,0.0,0.0,0.0,76.5065969125431
218,2019-05-21 21:00:00,76.08632076893844,75.67286127272311,77.36457641923457,76.08632076893844,76.08632076893844,0.44374566989044545,0.44374566989044545,0.44374566989044545,0.44374566989044545,0.44374566989044545,0.44374566989044545,0.0,0.0,0.0,76.53006643882888
219,2019-05-21 22:00:00,76.10329594612924,75.71411450759051,77.45310160966481,76.10329594612924,76.10329594612924,0.47654411573304223,0.47654411573304223,0.47654411573304223,0.47654411573304223,0.47654411573304223,0.47654411573304223,0.0,0.0,0.0,76.57984006186228
220,2019-05-21 23:00:00,76.12027112332004,75.75893641705711,77.41568362313618,76.12027112332004,76.12027112332004,0.4954969913200645,0.4954969913200645,0.4954969913200645,0.4954969913200645,0.4954969913200645,0.4954969913200645,0.0,0.0,0.0,76.6157681146401
221,2019-05-22 00:00:00,76.13724630051085,75.72555818331276,77.47748704095017,76.13724630051085,76.13724630051085,0.4362212072940091,0.4362212072940091,0.4362212072940091,0.4362212072940091,0.4362212072940091,0.4362212072940091,0.0,0.0,0.0,76.57346750780486
222,2019-05-22 01:00:00,76.15422147770165,75.58324003086767,77.26512446256775,76.15422147770165,76.15422147770165,0.2881383806433507,0.2881383806433507,0.2881383806433507,0.2881383806433507,0.2881383806433507,0.2881383806433507,0.0,0.0,0.0,76.442359858345
223,2019-05-22 02:00:00,76.17119665489246,75.44509603467345,77.10880403881434,76.17119665489246,76.17119665489246,0.11773873705604607,0.11773873705604607,0.11773873705604607,0.11773873705604607,0.11773873705604607,0.11773873705604607,0.0,0.0,0.0,76.2889353919485
224,2019-05-22 03:00:00,76.18817183208326,75.34885647506268,77.08959480822088,76.18817183208326,76.18817183208326,0.009791952907087818,0.009791952907087818,0.009791952907087818,0.009791952907087818,0.009791952907087818,0.009791952907087818,0.0,0.0,0.0,76.19796378499035
225,2019-05-22 04:00:00,76.20514700927406,75.27389376092948,77.07915138824777,76.20514700927406,76.20514700927406,-0.0153164859652684,-0.0153164859652684,-0.0153164859652684,-0.0153164859652684,-0.0153164859652684,-0.0153164859652684,0.0,0.0,0.0,76.18983052330879
226,2019-05-22 05:00:00,76.22212223669148,75.37414718167089,77.0366985359846,76.22212223669148,76.22212223669148,-0.0228871675718517,-0.0228871675718517,-0.0228871675718517,-0.0228871675718517,-0.0228871675718517,-0.0228871675718517,0.0,0.0,0.0,76.19923506911962
227,2019-05-22 06:00:00,76.23909746410888,75.3285423771269,77.01590614136543,76.23909746410888,76.23909746410888,-0.09869799727393952,-0.09869799727393952,-0.09869799727393952,-0.09869799727393952,-0.09869799727393952,-0.09869799727393952,0.0,0.0,0.0,76.14039946683494
228,2019-05-22 07:00:00,76.25607269152628,75.08131167546438,76.81209707161904,76.25607269152628,76.25607269152628,-0.259784880684204,-0.259784880684204,-0.259784880684204,-0.259784880684204,-0.259784880684204,-0.259784880684204,0.0,0.0,0.0,75.99628781084208
229,2019-05-22 08:00:00,76.27304791894369,75.00471390470602,76.706591856481,76.27304791894369,76.27304791894369,-0.43037106447067947,-0.43037106447067947,-0.43037106447067947,-0.43037106447067947,-0.43037106447067947,-0.43037106447067947,0.0,0.0,0.0,75.84267685447301
230,2019-05-22 09:00:00,76.29002314636111,75.02132128442372,76.60114532919623,76.29002314636111,76.29002314636111,-0.509401553593967,-0.509401553593967,-0.509401553593967,-0.509401553593967,-0.509401553593967,-0.509401553593967,0.0,0.0,0.0,75.78062159276715
231,2019-05-22 10:00:00,76.30699837377851,74.94277943230021,76.70064244161722,76.30699837377851,76.30699837377851,-0.4653007330560716,-0.4653007330560716,-0.4653007330560716,-0.4653007330560716,-0.4653007330560716,-0.4653007330560716,0.0,0.0,0.0,75.84169764072244
232,2019-05-22 11:00:00,76.32397360119592,75.12866595048396,76.74507216936439,76.32397360119592,76.32397360119592,-0.365069361580461,-0.365069361580461,-0.365069361580461,-0.365069361580461,-0.365069361580461,-0.365069361580461,0.0,0.0,0.0,75.95890423961545
233,2019-05-22 12:00:00,76.34094882861332,75.18345097592352,76.92694516927625,76.34094882861332,76.34094882861332,-0.30810263791881354,-0.30810263791881354,-0.30810263791881354,-0.30810263791881354,-0.30810263791881354,-0.30810263791881354,0.0,0.0,0.0,76.03284619069451
234,2019-05-22 13:00:00,76.35792405603074,75.19925450188084,76.78005140612089,76.35792405603075,76.35792405603075,-0.3285011042245471,-0.3285011042245471,-0.3285011042245471,-0.3285011042245471,-0.3285011042245471,-0.3285011042245471,0.0,0.0,0.0,76.0294229518062
235,2019-05-22 14:00:00,76.37489928344814,75.16435477738135,76.90499354012078,76.37489928344814,76.37489928344814,-0.361065230399633,-0.361065230399633,-0.361065230399633,-0.361065230399633,-0.361065230399633,-0.361065230399633,0.0,0.0,0.0,76.01383405304851
236,2019-05-22 15:00:00,76.39187451086555,75.1887916173588,76.91915360779814,76.39187451086555,76.39187451086555,-0.30433774924633566,-0.30433774924633566,-0.30433774924633566,-0.30433774924633566,-0.30433774924633566,-0.30433774924633566,0.0,0.0,0.0,76.08753676161922
237,2019-05-22 16:00:00,76.40884973828297,75.42514720008197,77.16657693639728,76.40884973828297,76.40884973828297,-0.11968233971905838,-0.11968233971905838,-0.11968233971905838,-0.11968233971905838,-0.11968233971905838,-0.11968233971905838,0.0,0.0,0.0,76.2891673985639
238,2019-05-22 17:00:00,76.42582496570036,75.73905652453156,77.46345402173567,76.42582496570036,76.42582496570036,0.1289057748468967,0.1289057748468967,0.1289057748468967,0.1289057748468967,0.1289057748468967,0.1289057748468967,0.0,0.0,0.0,76.55473074054726
239,2019-05-22 18:00:00,76.44280019311778,75.94419251831471,77.58655711220965,76.44280019311778,76.44280019311778,0.3307811079454069,0.3307811079454069,0.3307811079454069,0.3307811079454069,0.3307811079454069,0.3307811079454069,0.0,0.0,0.0,76.77358130106319
240,2019-05-22 19:00:00,76.45977542053518,75.9930654302581,77.69831268379953,76.45977542053518,76.45977542053518,0.4239030472856672,0.4239030472856672,0.4239030472856672,0.4239030472856672,0.4239030472856672,0.4239030472856672,0.0,0.0,0.0,76.88367846782084
241,2019-05-22 20:00:00,76.47675064795258,76.04635166877134,77.69207131894996,76.47675064795258,76.47675064795258,0.4372513207951945,0.4372513207951945,0.4372513207951945,0.4372513207951945,0.4372513207951945,0.4372513207951945,0.0,0.0,0.0,76.91400196874778
242,2019-05-22 21:00:00,76.49372587536999,76.08702130268988,77.77983045342759,76.49372587536999,76.49372587536999,0.44374566989045067,0.44374566989045067,0.44374566989045067,0.44374566989045067,0.44374566989045067,0.44374566989045067,0.0,0.0,0.0,76.93747154526044
243,2019-05-22 22:00:00,76.51070110278741,76.17825449102405,77.8381717357644,76.51070110278741,76.51070110278741,0.47654411573310307,0.47654411573310307,0.47654411573310307,0.47654411573310307,0.47654411573310307,0.47654411573310307,0.0,0.0,0.0,76.98724521852051
244,2019-05-22 23:00:00,76.52767633020481,76.14544070694261,77.83312092586966,76.52767633020481,76.52767633020481,0.49549699131873104,0.49549699131873104,0.49549699131873104,0.49549699131873104,0.49549699131873104,0.49549699131873104,0.0,0.0,0.0,77.02317332152354
245,2019-05-23 00:00:00,76.54465155762222,76.16188868681839,77.8436636192645,76.54465155762222,76.54465155762222,0.43622120729213676,0.43622120729213676,0.43622120729213676,0.43622120729213676,0.43622120729213676,0.43622120729213676,0.0,0.0,0.0,76.98087276491435
246,2019-05-23 01:00:00,76.56162678503962,75.95495329232304,77.68017351944697,76.56162678503962,76.56162678503962,0.2881383806394809,0.2881383806394809,0.2881383806394809,0.2881383806394809,0.2881383806394809,0.2881383806394809,0.0,0.0,0.0,76.8497651656791
247,2019-05-23 02:00:00,76.57860201245704,75.83006552024936,77.55387914688012,76.57860201245704,76.57860201245704,0.11773873706192799,0.11773873706192799,0.11773873706192799,0.11773873706192799,0.11773873706192799,0.11773873706192799,0.0,0.0,0.0,76.69634074951897
248,2019-05-23 03:00:00,76.59557723987444,75.7651462047129,77.45821371717757,76.59557723987444,76.59557723987444,0.009791952904727747,0.009791952904727747,0.009791952904727747,0.009791952904727747,0.009791952904727747,0.009791952904727747,0.0,0.0,0.0,76.60536919277918
249,2019-05-23 04:00:00,76.61255246729185,75.73189913686957,77.39861266462027,76.61255246729185,76.61255246729185,-0.015316485965520495,-0.015316485965520495,-0.015316485965520495,-0.015316485965520495,-0.015316485965520495,-0.015316485965520495,0.0,0.0,0.0,76.59723598132634
250,2019-05-23 05:00:00,76.62952769470927,75.82405100504364,77.4872187248508,76.62952769470927,76.62952769470927,-0.022887167571980865,-0.022887167571980865,-0.022887167571980865,-0.022887167571980865,-0.022887167571980865,-0.022887167571980865,0.0,0.0,0.0,76.60664052713729
251,2019-05-23 06:00:00,76.64650292212667,75.6979341483892,77.39388502851374,76.64650292212667,76.64650292212667,-0.09869799727128237,-0.09869799727128237,-0.09869799727128237,-0.09869799727128237,-0.09869799727128237,-0.09869799727128237,0.0,0.0,0.0,76.54780492485538
252,2019-05-23 07:00:00,76.66347814954408,75.59732865162835,77.24618966213485,76.66347814954408,76.66347814954408,-0.25978488068767314,-0.25978488068767314,-0.25978488068767314,-0.25978488068767314,-0.25978488068767314,-0.25978488068767314,0.0,0.0,0.0,76.4036932688564
253,2019-05-23 08:00:00,76.68045337696148,75.36921878447123,77.09889203312079,76.68045337696148,76.68045337696148,-0.43037106446525564,-0.43037106446525564,-0.43037106446525564,-0.43037106446525564,-0.43037106446525564,-0.43037106446525564,0.0,0.0,0.0,76.25008231249622
254,2019-05-23 09:00:00,76.6974286043789,75.29214500935065,76.94184994853714,76.6974286043789,76.6974286043789,-0.5094015535934288,-0.5094015535934288,-0.5094015535934288,-0.5094015535934288,-0.5094015535934288,-0.5094015535934288,0.0,0.0,0.0,76.18802705078546
255,2019-05-23 10:00:00,76.71440383179629,75.37660817064572,77.13647673597184,76.71440383179629,76.71440383179629,-0.4653007330595765,-0.4653007330595765,-0.4653007330595765,-0.4653007330595765,-0.4653007330595765,-0.4653007330595765,0.0,0.0,0.0,76.24910309873671
256,2019-05-23 11:00:00,76.73137905921371,75.5146187613875,77.20594355416503,76.73137905921371,76.73137905921371,-0.3650693615784941,-0.3650693615784941,-0.3650693615784941,-0.3650693615784941,-0.3650693615784941,-0.3650693615784941,0.0,0.0,0.0,76.36630969763522
257,2019-05-23 12:00:00,76.74835428663111,75.61722897742975,77.31656204624127,76.74835428663113,76.74835428663113,-0.30810263791907866,-0.30810263791907866,-0.30810263791907866,-0.30810263791907866,-0.30810263791907866,-0.30810263791907866,0.0,0.0,0.0,76.44025164871204
258,2019-05-23 13:00:00,76.76532951404853,75.65670913280272,77.28283471445602,76.76532951404853,76.76532951404853,-0.32850110422416373,-0.32850110422416373,-0.32850110422416373,-0.32850110422416373,-0.32850110422416373,-0.32850110422416373,0.0,0.0,0.0,76.43682840982437
259,2019-05-23 14:00:00,76.78230474146594,75.56514274879318,77.35749476611576,76.78230474146594,76.78230474146594,-0.36106523039801763,-0.36106523039801763,-0.36106523039801763,-0.36106523039801763,-0.36106523039801763,-0.36106523039801763,0.0,0.0,0.0,76.42123951106792
260,2019-05-23 15:00:00,76.79927996888334,75.56545892366921,77.37443616968032,76.79927996888334,76.79927996888334,-0.30433774924296936,-0.30433774924296936,-0.30433774924296936,-0.30433774924296936,-0.30433774924296936,-0.30433774924296936,0.0,0.0,0.0,76.49494221964036
261,2019-05-23 16:00:00,76.81625519630074,75.81679490295822,77.51955327057668,76.81625519630074,76.81625519630074,-0.11968233972823787,-0.11968233972823787,-0.11968233972823787,-0.11968233972823787,-0.11968233972823787,-0.11968233972823787,0.0,0.0,0.0,76.6965728565725
262,2019-05-23 17:00:00,76.83323042371815,76.16613443171222,77.84171178146467,76.83323042371815,76.83323042371815,0.1289057748498798,0.1289057748498798,0.1289057748498798,0.1289057748498798,0.1289057748498798,0.1289057748498798,0.0,0.0,0.0,76.96213619856803
263,2019-05-23 18:00:00,76.85020565113557,76.24861824765591,78.06938548748528,76.85020565113557,76.85020565113557,0.33078110794842347,0.33078110794842347,0.33078110794842347,0.33078110794842347,0.33078110794842347,0.33078110794842347,0.0,0.0,0.0,77.18098675908399
264,2019-05-23 19:00:00,76.86718087855297,76.43143692851083,78.10166619099132,76.86718087855297,76.86718087855297,0.42390304728680334,0.42390304728680334,0.42390304728680334,0.42390304728680334,0.42390304728680334,0.42390304728680334,0.0,0.0,0.0,77.29108392583977
265,2019-05-23 20:00:00,76.88415610597038,76.46046046077902,78.14627035517164,76.88415610597038,76.88415610597038,0.4372513207952526,0.4372513207952526,0.4372513207952526,0.4372513207952526,0.4372513207952526,0.4372513207952526,0.0,0.0,0.0,77.32140742676563
266,2019-05-23 21:00:00,76.90113133338778,76.45632590800439,78.16755443363978,76.90113133338778,76.90113133338778,0.44374566989045583,0.44374566989045583,0.44374566989045583,0.44374566989045583,0.44374566989045583,0.44374566989045583,0.0,0.0,0.0,77.34487700327824
267,2019-05-23 22:00:00,76.9181065608052,76.5763774242544,78.25657459925539,76.9181065608052,76.9181065608052,0.47654411573537275,0.47654411573537275,0.47654411573537275,0.47654411573537275,0.47654411573537275,0.47654411573537275,0.0,0.0,0.0,77.39465067654058
268,2019-05-23 23:00:00,76.9350817882226,76.61185359649991,78.2938253555356,76.9350817882226,76.9350817882226,0.49549699131988273,0.49549699131988273,0.49549699131988273,0.49549699131988273,0.49549699131988273,0.49549699131988273,0.0,0.0,0.0,77.43057877954249
269,2019-05-24 00:00:00,76.95205701564001,76.5862212804296,78.23866395317695,76.95205701564001,76.95205701564001,0.43622120729059016,0.43622120729059016,0.43622120729059016,0.43622120729059016,0.43622120729059016,0.43622120729059016,0.0,0.0,0.0,77.3882782229306
270,2019-05-24 01:00:00,76.96903224305741,76.43344206962061,78.11540933923618,76.96903224305741,76.96903224305741,0.2881383806369425,0.2881383806369425,0.2881383806369425,0.2881383806369425,0.2881383806369425,0.2881383806369425,0.0,0.0,0.0,77.25717062369435
271,2019-05-24 02:00:00,76.98600747047483,76.25761556798273,77.98032327678533,76.98600747047485,76.98600747047485,0.11773873706001428,0.11773873706001428,0.11773873706001428,0.11773873706001428,0.11773873706001428,0.11773873706001428,0.0,0.0,0.0,77.10374620753484
272,2019-05-24 03:00:00,77.00298269789224,76.14110653289808,77.85270171603037,77.00298269789224,77.00298269789224,0.009791952904159651,0.009791952904159651,0.009791952904159651,0.009791952904159651,0.009791952904159651,0.009791952904159651,0.0,0.0,0.0,77.0127746507964
273,2019-05-24 04:00:00,77.01995792530964,76.11802973116438,77.84575296977079,77.01995792530964,77.01995792530964,-0.015316485965446967,-0.015316485965446967,-0.015316485965446967,-0.015316485965446967,-0.015316485965446967,-0.015316485965446967,0.0,0.0,0.0,77.0046414393442
274,2019-05-24 05:00:00,77.03693315272704,76.17413227114605,77.89567933806327,77.03693315272704,77.03693315272704,-0.022887167571486292,-0.022887167571486292,-0.022887167571486292,-0.022887167571486292,-0.022887167571486292,-0.022887167571486292,0.0,0.0,0.0,77.01404598515556
275,2019-05-24 06:00:00,77.05390838014445,76.12434419674989,77.79669413017382,77.05390838014445,77.05390838014445,-0.09869799727166577,-0.09869799727166577,-0.09869799727166577,-0.09869799727166577,-0.09869799727166577,-0.09869799727166577,0.0,0.0,0.0,76.95521038287278
276,2019-05-24 07:00:00,77.07088360756187,76.02346588657949,77.66328525388985,77.07088360756187,77.07088360756187,-0.2597848806893502,-0.2597848806893502,-0.2597848806893502,-0.2597848806893502,-0.2597848806893502,-0.2597848806893502,0.0,0.0,0.0,76.81109872687252
277,2019-05-24 08:00:00,77.08785883497927,75.78924573117483,77.54643610956242,77.08785883497927,77.08785883497927,-0.4303710644676108,-0.4303710644676108,-0.4303710644676108,-0.4303710644676108,-0.4303710644676108,-0.4303710644676108,0.0,0.0,0.0,76.65748777051166
278,2019-05-24 09:00:00,77.10483406239668,75.74782886985712,77.43118906424786,77.10483406239668,77.10483406239668,-0.5094015535933217,-0.5094015535933217,-0.5094015535933217,-0.5094015535933217,-0.5094015535933217,-0.5094015535933217,0.0,0.0,0.0,76.59543250880336
279,2019-05-24 10:00:00,77.12180928981408,75.79246266042652,77.47491762583897,77.12180928981408,77.12180928981408,-0.4653007330575549,-0.4653007330575549,-0.4653007330575549,-0.4653007330575549,-0.4653007330575549,-0.4653007330575549,0.0,0.0,0.0,76.65650855675652
280,2019-05-24 11:00:00,77.1387845172315,75.96651885652416,77.70773908770025,77.1387845172315,77.1387845172315,-0.36506936158211717,-0.36506936158211717,-0.36506936158211717,-0.36506936158211717,-0.36506936158211717,-0.36506936158211717,0.0,0.0,0.0,76.77371515564938
281,2019-05-24 12:00:00,77.1557597446489,76.04193595409876,77.68914019784938,77.1557597446489,77.1557597446489,-0.30810263791907516,-0.30810263791907516,-0.30810263791907516,-0.30810263791907516,-0.30810263791907516,-0.30810263791907516,0.0,0.0,0.0,76.84765710672983
282,2019-05-24 13:00:00,77.17273497206631,75.9683111938795,77.70372291375044,77.17273497206631,77.17273497206631,-0.32850110422388396,-0.32850110422388396,-0.32850110422388396,-0.32850110422388396,-0.32850110422388396,-0.32850110422388396,0.0,0.0,0.0,76.84423386784242
283,2019-05-25 13:00:00,77.5801404300841,76.32522816934917,78.15245053123999,77.26330196523095,77.90314736570402,-0.32850110422493584,-0.32850110422493584,-0.32850110422493584,-0.32850110422493584,-0.32850110422493584,-0.32850110422493584,0.0,0.0,0.0,77.25163932585916
